,,ddG av,ddG err,bound1,err,bound2,err,d,unbound1,err,unbound2,err,d
l10,l11,-0.63,0.08,1.52,0.04,1.38,0.04,0.14,2.14,0.04,2.04,0.04,0.10
l11,l10,1.04,0.08,-1.06,0.04,-1.06,0.04,0.00,-2.10,0.04,-2.10,0.04,0.00
l10,l13,0.00,0.10,-9.32,0.05,-9.80,0.05,0.48,-9.54,0.05,-9.57,0.05,0.04
l13,l10,0.43,0.10,9.77,0.05,9.96,0.05,0.19,9.56,0.05,9.31,0.05,0.24
l10,l14,-1.53,0.14,6.91,0.07,7.78,0.07,0.87,8.87,0.07,8.88,0.07,0.00
l14,l10,1.23,0.14,-6.99,0.07,-8.04,0.07,1.05,-8.91,0.07,-8.57,0.07,0.34
l10,l24,-1.45,0.09,12.66,0.05,12.08,0.04,0.58,13.81,0.04,13.82,0.04,0.02
l24,l10,1.46,0.09,-12.63,0.04,-11.91,0.04,0.72,-13.71,0.04,-13.75,0.04,0.04
l11,l12,0.05,0.07,0.36,0.03,-0.34,0.03,0.70,-0.03,0.03,-0.04,0.03,0.01
l12,l11,-0.27,0.07,0.23,0.03,-0.42,0.03,0.65,0.14,0.03,0.20,0.03,0.06
l11,l25,-0.71,0.07,-18.88,0.03,-18.53,0.03,0.35,-17.86,0.03,-18.13,0.03,0.27
l25,l11,0.24,0.07,18.34,0.03,18.33,0.03,0.02,17.98,0.03,18.21,0.03,0.22
l12,l25,-0.57,0.07,-18.44,0.03,-18.59,0.03,0.15,-17.98,0.03,-17.92,0.03,0.06
l25,l12,-0.22,0.07,17.68,0.03,17.99,0.03,0.32,18.08,0.03,18.02,0.03,0.06
l13,l24,0.16,0.40,18.39,0.18,20.31,0.27,1.93,18.99,0.16,19.40,0.16,0.40
l24,l13,0.68,0.42,-18.50,0.18,-19.71,0.22,1.21,-19.42,0.25,-20.14,0.18,0.72
l14,l16,-0.76,0.07,-4.12,0.03,-4.539798,0.034729,0.42,-3.61,0.03,-3.531506,0.033959,0.07
l16,l14,1.13,0.07,4.66,0.03,4.719711,0.034026,0.06,3.53,0.03,3.58338,0.033939,0.05
l14,l17,-0.45,0.07,-3.82,0.03,-3.609464,0.032698,0.21,-3.34,0.03,-3.200849,0.032658,0.14
l17,l14,0.49,0.07,3.60,0.03,3.667369,0.032704,0.06,3.08,0.03,3.203842,0.032661,0.12
l16,l17,1.42,0.10,1.42,0.05,2.08,0.05,0.66,0.35,0.05,0.31,0.05,0.04
l17,l16,0.29,0.10,-0.24,0.05,0.20,0.05,0.44,-0.30,0.05,-0.32,0.05,0.02
l17,l18,-0.17,0.08,-1.81,0.04,-2.05,0.04,0.24,-1.68,0.04,-1.84,0.04,0.16
l18,l17,0.58,0.08,2.28,0.04,2.00,0.04,0.28,1.56,0.04,1.57,0.04,0.01
l18,l19,-0.14,0.06,5.86,0.03,6.17,0.03,0.31,6.17,0.03,6.14,0.03,0.03
l19,l18,-0.14,0.06,-5.86,0.03,-6.54,0.03,0.69,-6.24,0.03,-5.89,0.03,0.35
l18,l20,-0.16,0.04,-16.05,0.02,-16.34,0.02,0.29,-15.99,0.02,-16.08,0.02,0.09
l20,l18,-0.04,0.04,15.87,0.02,16.02,0.02,0.15,15.98,0.02,16.00,0.02,0.02
l19,l20,-0.33,0.07,-22.27,0.04,-22.63,0.04,0.36,-22.23,0.04,-22.00,0.04,0.23
l20,l19,-0.20,0.07,21.52,0.04,22.32,0.04,0.80,21.95,0.04,22.29,0.04,0.34
l19,l21,-0.53,0.10,-2.41,0.05,-2.08,0.05,0.33,-1.77,0.05,-1.66,0.05,0.11
l21,l19,0.42,0.10,2.44,0.05,2.22,0.05,0.22,2.15,0.05,1.67,0.05,0.48
l20,l21,0.29,0.07,19.86,0.03,20.70,0.03,0.84,20.13,0.03,19.86,0.03,0.27
l21,l20,0.24,0.07,-20.10,0.03,-19.86,0.03,0.23,-20.22,0.03,-20.21,0.03,0.01
l21,l25,2.38,2.09,-31.22,1.12,-33.44,1.68,2.22,-35.53,0.41,-33.89,0.33,1.65
l25,l21,-2.89,1.35,30.79,0.97,32.47,0.78,1.68,33.74,0.36,35.31,0.38,1.57